Email,Domain,Category
joel_khalili@wired.com,wired.com,"科技,商业/财经"
kat_merck@wired.com,wired.com,"科技,商业/财经"
u003Emegan_farokhmanesh@wired.com,wired.com,"科技,商业/财经"
zeyi_yang@wired.com,wired.com,"科技,商业/财经"
Cecilia_D@WIRED.com,wired.com,"科技,商业/财经"
u003ECecilia_D@WIRED.com,wired.com,"科技,商业/财经"
kate_knibbs@wired.com,wired.com,"科技,商业/财经"
megan_farokhmanesh@wired.com,wired.com,"科技,商业/财经"
_knibbs@wired.com,wired.com,"科技,商业/财经"
Matt_Burgess@wired.com,wired.com,"科技,商业/财经"
imothy_marchman@wired.com,wired.com,"科技,商业/财经"
u003Etimothy_marchman@wired.com,wired.com,"科技,商业/财经"
dhruvmehrotra@wired.com,wired.com,"科技,商业/财经"
mail@wired.com,wired.com,"科技,商业/财经"
timothy_marchman@wired.com,wired.com,未分类
uncannyvalley@wired.com,wired.com,未分类
help@vogue.com,vogue.com,未分类
news@thetechoutlook.com,thetechoutlook.com,未分类
qianer@theinformation.com,theinformation.com,未分类
aaron.tilley@theinformation.com,theinformation.com,未分类
catherine@theinformation.com,theinformation.com,未分类
sahil@theinformation.com,theinformation.com,未分类
anita.ramaswamy@theinformation.com,theinformation.com,未分类
kalley@theinformation.com,theinformation.com,未分类
wayne@theinformation.com,theinformation.com,未分类
yueqi@theinformation.com,theinformation.com,未分类
martin@theinformation.com,theinformation.com,未分类
info+briefing@theinformation.com,theinformation.com,未分类
kevin@theinformation.com,theinformation.com,未分类
erin@theinformation.com,theinformation.com,未分类
alex@theinformation.com,theinformation.com,未分类
valida@theinformation.com,theinformation.com,未分类
cory@theinformation.com,theinformation.com,未分类
sylvia@theinformation.com,theinformation.com,未分类
anita@theinformation.com,theinformation.com,未分类
sri@theinformation.com,theinformation.com,未分类
abe@theinformation.com,theinformation.com,未分类
aaron@theinformation.com,theinformation.com,未分类
kaya@theinformation.com,theinformation.com,未分类
natasha@theinformation.com,theinformation.com,未分类
support@theinformation.com,theinformation.com,未分类
rocket@theinformation.com,theinformation.com,未分类
theo@theinformation.com,theinformation.com,未分类
hello@theinformation.com,theinformation.com,未分类
stephanie@theinformation.com,theinformation.com,未分类
anissa@theinformation.com,theinformation.com,未分类
ann.gehan@theinformation.com,theinformation.com,未分类
steve@theinformation.com,theinformation.com,未分类
akash@theinformation.com,theinformation.com,未分类
jon.victor@theinformation.com,theinformation.com,未分类
pro@theinformation.com,theinformation.com,未分类
u003epro@theinformation.com,theinformation.com,未分类
sara@theinformation.com,theinformation.com,未分类
jing@theinformation.com,theinformation.com,未分类
kate@theinformation.com,theinformation.com,未分类
juro@theinformation.com,theinformation.com,未分类
cloud@theinformation.com,theinformation.com,未分类
amir@theinformation.com,theinformation.com,未分类
joshduboff@theinformation.com,theinformation.com,未分类
u003ejoshduboff@theinformation.com,theinformation.com,未分类
nick@theinformation.com,theinformation.com,未分类
guardian.letters@theguardian.com,theguardian.com,未分类
news@techradar.com,techradar.com,未分类
lorenzo@techcrunch.com,techcrunch.com,未分类
zack.whittaker@techcrunch.com,techcrunch.com,未分类
amanda@techcrunch.com,techcrunch.com,未分类
tips@techcrunch.com,techcrunch.com,未分类
events@techcrunch.com,techcrunch.com,未分类
phonearena@phonearena.com,phonearena.com,未分类
ads@phandroid.com,phandroid.com,未分类
learningsection@nytimes.com,nytimes.com,未分类
books@nytimes.com,nytimes.com,未分类
u003Eopdocs@nytimes.com,nytimes.com,未分类
opdocs@nytimes.com,nytimes.com,未分类
opinion.video@nytimes.com,nytimes.com,未分类
u003Enytjobs@nytimes.com,nytimes.com,未分类
nytjobs@nytimes.com,nytimes.com,未分类
cindy@mpost.io,mpost.io,未分类
joe@howtogeek.com,howtogeek.com,未分类
mambrosio@gfmag.com,gfmag.com,未分类
jdg@gfmag.com,gfmag.com,未分类
Edit@gfmag.com,gfmag.com,未分类
Chloe.giarraputo@gfmag.com,gfmag.com,未分类
chris@gfmag.com,gfmag.com,未分类
afiano@gfmag.com,gfmag.com,未分类
joseph.hostetler@fortune.com,fortune.com,未分类
shawn.tully@fortune.com,fortune.com,未分类
bea.nolan@fortune.com,fortune.com,未分类
jason.delrey@fortune.com,fortune.com,未分类
sharon.goldman@fortune.com,fortune.com,未分类
lily.lazarus@fortune.com,fortune.com,未分类
emma.burleigh@fortune.com,fortune.com,未分类
jeff.roberts@fortune.com,fortune.com,未分类
christiaan.hetzner@fortune.com,fortune.com,未分类
danny.bakst@fortune.com,fortune.com,未分类
leo.schwartz@fortune.com,fortune.com,未分类
nina.ajemian@fortune.com,fortune.com,未分类
benjamin.weiss@fortune.com,fortune.com,未分类
sydney.lake@fortune.com,fortune.com,未分类
preston.fore@fortune.com,fortune.com,未分类
marco.quiroz-gutierrez@fortune.com,fortune.com,未分类
sasha.rogelberg@fortune.com,fortune.com,未分类
sheryl.estrada@fortune.com,fortune.com,未分类
alexei.oreskovic@fortune.com,fortune.com,未分类
amanda.gerut@fortune.com,fortune.com,未分类
Jessica.Mathews@fortune.com,fortune.com,未分类
jeremy.kahn@fortune.com,fortune.com,未分类
andrew.nusca@fortune.com,fortune.com,未分类
alex.sternlicht@fortune.com,fortune.com,未分类
nino.paoli@fortune.com,fortune.com,未分类
alexandra.garfinkle@fortune.com,fortune.com,未分类
greg.mckenna@fortune.com,fortune.com,未分类
jordan.blum@fortune.com,fortune.com,未分类
jim.edwards@fortune.com,fortune.com,未分类
alicia.adamczyk@fortune.com,fortune.com,未分类
jason.ma@fortune.com,fortune.com,未分类
orianna.royle@fortune.com,fortune.com,未分类
geoffrey.colvin@fortune.com,fortune.com,未分类
diane.brady@fortune.com,fortune.com,未分类
dave.smith@fortune.com,fortune.com,未分类
irina.ivanova@fortune.com,fortune.com,未分类
brit.morse@fortune.com,fortune.com,未分类
ruth.umoh@fortune.com,fortune.com,未分类
emily.steinberger@fortune.com,fortune.com,未分类
alexa.mikhail@fortune.com,fortune.com,未分类
amber.bragdon@fortune.com,fortune.com,未分类
beth.greenfield@fortune.com,fortune.com,未分类
cecilia.hult@fortune.com,fortune.com,未分类
nicholas.gordon@fortune.com,fortune.com,未分类
feedback@forbes.com,forbes.com,未分类
dlopenzina@forbes.com,forbes.com,未分类
corrections@forbes.com,forbes.com,未分类
security@forbes.com,forbes.com,未分类
advertise@engadget.com,engadget.com,未分类
comments@engadget.com,engadget.com,未分类
support@engadget.com,engadget.com,未分类
tips@engadget.com,engadget.com,未分类
commentsupport@engadget.com,engadget.com,未分类
 tips@engadget.com,engadget.com,未分类
 support@engadget.com,engadget.com,未分类
jhannah@cnet.com,cnet.com,未分类
kchedraoui@cnet.com,cnet.com,未分类
ajkumar@cnet.com,cnet.com,未分类
antuan.goodwin@cnet.com,cnet.com,未分类
tgraham@cnet.com,cnet.com,未分类
prism-cms@cnet.com,cnet.com,未分类
joreed@cnet.com,cnet.com,未分类
jeff.carlson@cnet.com,cnet.com,未分类
aauriemma@cnet.com,cnet.com,未分类
kwatt@cnet.com,cnet.com,未分类
allopez@cnet.com,cnet.com,未分类
jchun@cnet.com,cnet.com,未分类
gcastro@cnet.com,cnet.com,未分类
msorrentino@cnet.com,cnet.com,未分类
aal-heeti@cnet.com,cnet.com,未分类
patrick.holland@cnet.com,cnet.com,未分类
dkatzmaier@cnet.com,cnet.com,未分类
vanessa.teal@cnet.com,cnet.com,未分类
bcarey@cnet.com,cnet.com,未分类
opoole@cnet.com,cnet.com,未分类
ikhan@cnet.com,cnet.com,未分类
cbulgatti@cnet.com,cnet.com,未分类
jchristison@cnet.com,cnet.com,未分类
lexy.savvides@cnet.com,cnet.com,未分类
sophia.fox-sowell@cnet.com,cnet.com,未分类
dcarnoy@cnet.com,cnet.com,未分类
alanxon@cnet.com,cnet.com,未分类
jakinrinade@cnet.com,cnet.com,未分类
group-subscriptions@businessinsider.com,businessinsider.com,未分类
support@businessinsider.com,businessinsider.com,未分类
jhood@businessinsider.com,businessinsider.com,未分类
loreilly@businessinsider.com,businessinsider.com,未分类
tips@anandtech.com,anandtech.com,未分类
ryan.smith@anandtech.com,anandtech.com,未分类
nina.golgowski@huffpost.com,huffpost.com,未分类
marco.margaritoff@huffpost.com,huffpost.com,未分类
brittany.wong@huffpost.com,huffpost.com,未分类
igor.bobic@huffpost.com,huffpost.com,未分类
njera.perkins@huffpost.com,huffpost.com,未分类
jessica.schulberg@huffpost.com,huffpost.com,未分类
matt.shuham@huffpost.com,huffpost.com,未分类
cecilia_d@wired.com,wired.com,未分类
u003ececilia_d@wired.com,wired.com,未分类
u003emegan_farokhmanesh@wired.com,wired.com,未分类
matt_burgess@wired.com,wired.com,未分类
u003ehelp@wired.com,wired.com,未分类
help@wired.com,wired.com,未分类
signinsupport@theguardian.com,theguardian.com,未分类
experience@theguardian.com,theguardian.com,未分类
cn.help@nytimes.com,nytimes.com,未分类
u003ethedaily@nytimes.com,nytimes.com,未分类
thedaily@nytimes.com,nytimes.com,未分类
chloe.giarraputo@gfmag.com,gfmag.com,未分类
edit@gfmag.com,gfmag.com,未分类
uscirculation@ft.com,ft.com,未分类
help@ft.com,ft.com,未分类
jessica.mathews@fortune.com,fortune.com,未分类
tips@forbes.com,forbes.com,未分类
spreadsheets@forbes.com,forbes.com,未分类
ywang@forbes.com,forbes.com,未分类
araghunathan@forbes.com,forbes.com,未分类
nkarmali@forbes.com,forbes.com,未分类
jkang@forbes.com,forbes.com,未分类
jchen@forbes.com,forbes.com,未分类
akonrad@forbes.com,forbes.com,未分类
anoriega@forbes.com,forbes.com,未分类
rnieva@forbes.com,forbes.com,未分类
rshrivastava@forbes.com,forbes.com,未分类
md51691420036198@forbes.com,forbes.com,未分类
kogunrinde@forbes.com,forbes.com,未分类
nathan@engadget.com,engadget.com,未分类
%20tips@engadget.com,engadget.com,未分类
%20support@engadget.com,engadget.com,未分类
cmsguest@cnbc.com,cnbc.com,未分类
data-privacy@huffpost.com,huffpost.com,未分类
correction-submission@huffpost.com,huffpost.com,未分类
editor@trustedreviews.com,trustedreviews.com,未分类
chris.walsh@trustedreviews.com,trustedreviews.com,未分类
press.office@theguardian.com,theguardian.com,未分类
icrt@theguardian.com,theguardian.com,未分类
usinfo@theguardian.com,theguardian.com,未分类
licensing@theguardian.com,theguardian.com,未分类
rights@theguardian.com,theguardian.com,未分类
dmca@theguardian.com,theguardian.com,未分类
features@theguardian.com,theguardian.com,未分类
obituaries@theguardian.com,theguardian.com,未分类
financial@theguardian.com,theguardian.com,未分类
education@theguardian.com,theguardian.com,未分类
bibi.vanderzee@theguardian.com,theguardian.com,未分类
media@theguardian.com,theguardian.com,未分类
opinion@theguardian.com,theguardian.com,未分类
alan.evans@theguardian.com,theguardian.com,未分类
picturedesk@theguardian.com,theguardian.com,未分类
travel@theguardian.com,theguardian.com,未分类
photocalls@theguardian.com,theguardian.com,未分类
sport@theguardian.com,theguardian.com,未分类
society@theguardian.com,theguardian.com,未分类
guardian.readers@theguardian.com,theguardian.com,未分类
space@theguardian.com,theguardian.com,未分类
consumer.champions@theguardian.com,theguardian.com,未分类
business.information@theguardian.com,theguardian.com,未分类
arts@theguardian.com,theguardian.com,未分类
books@theguardian.com,theguardian.com,未分类
national@theguardian.com,theguardian.com,未分类
culture@theguardian.com,theguardian.com,未分类
feast@theguardian.com,theguardian.com,未分类
firstname.lastname@theguardian.com,theguardian.com,未分类
nq@theguardian.com,theguardian.com,未分类
international@theguardian.com,theguardian.com,未分类
money@theguardian.com,theguardian.com,未分类
politics@theguardian.com,theguardian.com,未分类
thefilter@theguardian.com,theguardian.com,未分类
userhelp@theguardian.com,theguardian.com,未分类
tenaya.seet@theguardian.com,theguardian.com,未分类
contribution.support@theguardian.com,theguardian.com,未分类
apac.help@theguardian.com,theguardian.com,未分类
devtest-adframeworks@nytimes.com,nytimes.com,未分类
copyrights@nytimes.com,nytimes.com,未分类
copyright@nytimes.com,nytimes.com,未分类
legal@nytimes.com,nytimes.com,未分类
nytisubs@nytimes.com,nytimes.com,未分类
corrections@ft.com,ft.com,未分类
complaints.commissioner@ft.com,ft.com,未分类
editor@ft.com,ft.com,未分类
syndication@ft.com,ft.com,未分类
fdiintelligenceccpa@ft.com,ft.com,未分类
us.privacy@ft.com,ft.com,未分类
privacy.officer@ft.com,ft.com,未分类
ccpa.privacy@ft.com,ft.com,未分类
company.secretary@ft.com,ft.com,未分类
view%253dcm%2526fs%253d1%2526tf%253d1%2526to%253dhelp@ft.com,ft.com,未分类
u003dhelp@ft.com,ft.com,未分类
view%3dcm%26fs%3d1%26tf%3d1%26to%3dhelp@ft.com,ft.com,未分类
support@fortune.com,fortune.com,未分类
chelsea.hudson@fortune.com,fortune.com,未分类
pr@fortune.com,fortune.com,未分类
elcio.salgado@fortune.com,fortune.com,未分类
nadine.ghosn@fortune.com,fortune.com,未分类
u003esheryl.estrada@fortune.com,fortune.com,未分类
forbesevents@forbes.com,forbes.com,未分类
readers@forbes.com,forbes.com,未分类
insights@forbes.com,forbes.com,未分类
pressinquiries@forbes.com,forbes.com,未分类
reprints@forbes.com,forbes.com,未分类
permissions@forbes.com,forbes.com,未分类
maranderson@cnet.com,cnet.com,未分类
press@cnet.com,cnet.com,未分类
cnetgroupaffiliate@cnet.com,cnet.com,未分类
u003epress@cnet.com,cnet.com,未分类
cnet-corrections@cnet.com,cnet.com,未分类
product@barrons.com,barrons.com,未分类
press@barrons.com,barrons.com,未分类
moderator@barrons.com,barrons.com,未分类
editors@barrons.com,barrons.com,未分类
mail@barrons.com,barrons.com,未分类
andrew.bary@barrons.com,barrons.com,未分类
advisor.editors@barrons.com,barrons.com,未分类
martin.baccardax@barrons.com,barrons.com,未分类
joe.light@barrons.com,barrons.com,未分类
nicole.goodkind@barrons.com,barrons.com,未分类
tae.kim@barrons.com,barrons.com,未分类
adam.clark@barrons.com,barrons.com,未分类
adam.levine@barrons.com,barrons.com,未分类
brian.swint@barrons.com,barrons.com,未分类
anita.hamilton@barrons.com,barrons.com,未分类
elsa.ohlen@barrons.com,barrons.com,未分类
reshma.kapadia@barrons.com,barrons.com,未分类
william.alpert@barrons.com,barrons.com,未分类
u003esupport@wsj.com,wsj.com,未分类
support@wsj.com,wsj.com,未分类
takeontheweek@wsj.com,wsj.com,未分类
moderation@theguardian.com,theguardian.com,未分类
subscriptions@theguardian.com,theguardian.com,未分类
letters@nytimes.com,nytimes.com,未分类
meredith.ho@fortune.com,fortune.com,未分类
shooktopadvisor@forbes.com,forbes.com,未分类
accolades@forbes.com,forbes.com,未分类
cdavis@forbes.com,forbes.com,未分类
u30profiles@forbes.com,forbes.com,未分类
profiles@forbes.com,forbes.com,未分类
mufberg@fastcompany.com,fastcompany.com,未分类
u003emufberg@fastcompany.com,fastcompany.com,未分类
u003eapeters@fastcompany.com,fastcompany.com,未分类
sullivan@fastcompany.com,fastcompany.com,未分类
u003esullivan@fastcompany.com,fastcompany.com,未分类
apeters@fastcompany.com,fastcompany.com,未分类
u003emwilson@fastcompany.com,fastcompany.com,未分类
mwilson@fastcompany.com,fastcompany.com,未分类
ilson@fastcompany.com,fastcompany.com,未分类
ktoussaint@fastcompany.com,fastcompany.com,未分类
podcasts@fastcompany.com,fastcompany.com,未分类
dslattery@fastcompany.com,fastcompany.com,未分类
karissa.bell@engadget.com,engadget.com,未分类
subscriptions@theguardian.com,theguardian.com,未分类
moderation@theguardian.com,theguardian.com,未分类
letters@nytimes.com,nytimes.com,未分类
support@wsj.com,wsj.com,未分类
u003esupport@wsj.com,wsj.com,未分类
nytnews@nytimes.com,nytimes.com,未分类
takeontheweek@wsj.com,wsj.com,未分类
audiofeedback@wsj.com,wsj.com,未分类
lydia.depillis@nytimes.com,nytimes.com,未分类
meredith.ho@fortune.com,fortune.com,未分类
shooktopadvisor@forbes.com,forbes.com,未分类
accolades@forbes.com,forbes.com,未分类
cdavis@forbes.com,forbes.com,未分类
profiles@forbes.com,forbes.com,未分类
u30profiles@forbes.com,forbes.com,未分类
u003emwilson@fastcompany.com,fastcompany.com,未分类
u003eapeters@fastcompany.com,fastcompany.com,未分类
mufberg@fastcompany.com,fastcompany.com,未分类
sullivan@fastcompany.com,fastcompany.com,未分类
u003esullivan@fastcompany.com,fastcompany.com,未分类
u003emufberg@fastcompany.com,fastcompany.com,未分类
mwilson@fastcompany.com,fastcompany.com,未分类
ktoussaint@fastcompany.com,fastcompany.com,未分类
ilson@fastcompany.com,fastcompany.com,未分类
apeters@fastcompany.com,fastcompany.com,未分类
podcasts@fastcompany.com,fastcompany.com,未分类
dslattery@fastcompany.com,fastcompany.com,未分类
clay.chandler@fortune.com,fortune.com,未分类
malanskas@fastcompany.com,fastcompany.com,未分类
karissa.bell@engadget.com,engadget.com,未分类
patrick.odonnell@barrons.com,barrons.com,未分类
andrew.welsch@barrons.com,barrons.com,未分类
randall.forsyth@barrons.com,barrons.com,未分类
joseph.woelfel@barrons.com,barrons.com,未分类
dan.victor@barrons.com,barrons.com,未分类
jacob.sonenshine@barrons.com,barrons.com,未分类
mackenzie.tatananni@barrons.com,barrons.com,未分类
sabrina.escobar@barrons.com,barrons.com,未分类
nate.wolf@barrons.com,barrons.com,未分类
callum.keown@barrons.com,barrons.com,未分类
ellen.lee@huffpost.com,huffpost.com,未分类
ads@www.fashionoutletsofchicago.com,www.fashionoutletsofchicago.com,未分类
feedback@www.fashionoutletsofchicago.com,www.fashionoutletsofchicago.com,未分类
press@www.fashionoutletsofchicago.com,www.fashionoutletsofchicago.com,未分类
sales@www.fashionoutletsofchicago.com,www.fashionoutletsofchicago.com,未分类
news@www.fashionoutletsofchicago.com,www.fashionoutletsofchicago.com,未分类
hello@www.fashionoutletsofchicago.com,www.fashionoutletsofchicago.com,未分类
help@www.fashionoutletsofchicago.com,www.fashionoutletsofchicago.com,未分类
subscribe@www.fashionoutletsofchicago.com,www.fashionoutletsofchicago.com,未分类
team@www.fashionoutletsofchicago.com,www.fashionoutletsofchicago.com,未分类
editorial@www.fashionoutletsofchicago.com,www.fashionoutletsofchicago.com,未分类
support@www.fashionoutletsofchicago.com,www.fashionoutletsofchicago.com,未分类
business@www.fashionoutletsofchicago.com,www.fashionoutletsofchicago.com,未分类
advertising@www.fashionoutletsofchicago.com,www.fashionoutletsofchicago.com,未分类
letters@www.fashionoutletsofchicago.com,www.fashionoutletsofchicago.com,未分类
contact@www.fashionoutletsofchicago.com,www.fashionoutletsofchicago.com,未分类
admin@www.fashionoutletsofchicago.com,www.fashionoutletsofchicago.com,未分类
tech@www.fashionoutletsofchicago.com,www.fashionoutletsofchicago.com,未分类
helpdesk@www.fashionoutletsofchicago.com,www.fashionoutletsofchicago.com,未分类
marketing@www.fashionoutletsofchicago.com,www.fashionoutletsofchicago.com,未分类
corrections@www.fashionoutletsofchicago.com,www.fashionoutletsofchicago.com,未分类
media@www.fashionoutletsofchicago.com,www.fashionoutletsofchicago.com,未分类
editor@www.fashionoutletsofchicago.com,www.fashionoutletsofchicago.com,未分类
tips@www.fashionoutletsofchicago.com,www.fashionoutletsofchicago.com,未分类
subscriptions@www.fashionoutletsofchicago.com,www.fashionoutletsofchicago.com,未分类
careers@www.fashionoutletsofchicago.com,www.fashionoutletsofchicago.com,未分类
membership@www.fashionoutletsofchicago.com,www.fashionoutletsofchicago.com,未分类
hr@www.fashionoutletsofchicago.com,www.fashionoutletsofchicago.com,未分类
submissions@www.fashionoutletsofchicago.com,www.fashionoutletsofchicago.com,未分类
info@www.fashionoutletsofchicago.com,www.fashionoutletsofchicago.com,未分类
newsroom@www.fashionoutletsofchicago.com,www.fashionoutletsofchicago.com,未分类
partnerships@www.fashionoutletsofchicago.com,www.fashionoutletsofchicago.com,未分类
webmaster@www.fashionoutletsofchicago.com,www.fashionoutletsofchicago.com,未分类
office@www.fashionoutletsofchicago.com,www.fashionoutletsofchicago.com,未分类
subscribers@www.fashionoutletsofchicago.com,www.fashionoutletsofchicago.com,未分类
letters@www.prudentialcenter.com,www.prudentialcenter.com,未分类
hr@www.prudentialcenter.com,www.prudentialcenter.com,未分类
tips@www.prudentialcenter.com,www.prudentialcenter.com,未分类
submissions@www.prudentialcenter.com,www.prudentialcenter.com,未分类
subscribe@www.prudentialcenter.com,www.prudentialcenter.com,未分类
press@www.prudentialcenter.com,www.prudentialcenter.com,未分类
info@www.prudentialcenter.com,www.prudentialcenter.com,未分类
corrections@www.prudentialcenter.com,www.prudentialcenter.com,未分类
contact@www.prudentialcenter.com,www.prudentialcenter.com,未分类
media@www.prudentialcenter.com,www.prudentialcenter.com,未分类
feedback@www.prudentialcenter.com,www.prudentialcenter.com,未分类
help@www.prudentialcenter.com,www.prudentialcenter.com,未分类
helpdesk@www.prudentialcenter.com,www.prudentialcenter.com,未分类
support@www.prudentialcenter.com,www.prudentialcenter.com,未分类
hello@www.prudentialcenter.com,www.prudentialcenter.com,未分类
office@www.prudentialcenter.com,www.prudentialcenter.com,未分类
advertising@www.prudentialcenter.com,www.prudentialcenter.com,未分类
newsroom@www.prudentialcenter.com,www.prudentialcenter.com,未分类
editorial@www.prudentialcenter.com,www.prudentialcenter.com,未分类
ads@www.prudentialcenter.com,www.prudentialcenter.com,未分类
membership@www.prudentialcenter.com,www.prudentialcenter.com,未分类
news@www.prudentialcenter.com,www.prudentialcenter.com,未分类
subscribers@www.prudentialcenter.com,www.prudentialcenter.com,未分类
partnerships@www.prudentialcenter.com,www.prudentialcenter.com,未分类
webmaster@www.prudentialcenter.com,www.prudentialcenter.com,未分类
admin@www.prudentialcenter.com,www.prudentialcenter.com,未分类
sales@www.prudentialcenter.com,www.prudentialcenter.com,未分类
editor@www.prudentialcenter.com,www.prudentialcenter.com,未分类
business@www.prudentialcenter.com,www.prudentialcenter.com,未分类
careers@www.prudentialcenter.com,www.prudentialcenter.com,未分类
marketing@www.prudentialcenter.com,www.prudentialcenter.com,未分类
team@www.prudentialcenter.com,www.prudentialcenter.com,未分类
tech@www.prudentialcenter.com,www.prudentialcenter.com,未分类
www.fashionoutletsofchicago.com%20%22@www.fashionoutletsofchicago.com,www.fashionoutletsofchicago.com,未分类
newsroom@northparkcenter.com,northparkcenter.com,未分类
ads@northparkcenter.com,northparkcenter.com,未分类
letters@northparkcenter.com,northparkcenter.com,未分类
team@northparkcenter.com,northparkcenter.com,未分类
subscribers@northparkcenter.com,northparkcenter.com,未分类
webmaster@northparkcenter.com,northparkcenter.com,未分类
help@northparkcenter.com,northparkcenter.com,未分类
support@northparkcenter.com,northparkcenter.com,未分类
subscribe@northparkcenter.com,northparkcenter.com,未分类
helpdesk@northparkcenter.com,northparkcenter.com,未分类
marketing@northparkcenter.com,northparkcenter.com,未分类
business@northparkcenter.com,northparkcenter.com,未分类
info@northparkcenter.com,northparkcenter.com,未分类
contact@northparkcenter.com,northparkcenter.com,未分类
press@northparkcenter.com,northparkcenter.com,未分类
admin@northparkcenter.com,northparkcenter.com,未分类
sales@northparkcenter.com,northparkcenter.com,未分类
office@northparkcenter.com,northparkcenter.com,未分类
editor@northparkcenter.com,northparkcenter.com,未分类
careers@northparkcenter.com,northparkcenter.com,未分类
hello@northparkcenter.com,northparkcenter.com,未分类
media@northparkcenter.com,northparkcenter.com,未分类
hr@northparkcenter.com,northparkcenter.com,未分类
tips@northparkcenter.com,northparkcenter.com,未分类
news@northparkcenter.com,northparkcenter.com,未分类
submissions@northparkcenter.com,northparkcenter.com,未分类
tech@northparkcenter.com,northparkcenter.com,未分类
advertising@northparkcenter.com,northparkcenter.com,未分类
partnerships@northparkcenter.com,northparkcenter.com,未分类
editorial@northparkcenter.com,northparkcenter.com,未分类
corrections@northparkcenter.com,northparkcenter.com,未分类
membership@northparkcenter.com,northparkcenter.com,未分类
feedback@northparkcenter.com,northparkcenter.com,未分类
subscriptions@northparkcenter.com,northparkcenter.com,未分类
subscriptions@www.prudentialcenter.com,www.prudentialcenter.com,未分类
groupsales@mallofamerica.com,mallofamerica.com,未分类
info@mallofamerica.com,mallofamerica.com,未分类
business@hpvillage.com,hpvillage.com,未分类
feedback@hpvillage.com,hpvillage.com,未分类
editor@hpvillage.com,hpvillage.com,未分类
help@hpvillage.com,hpvillage.com,未分类
admin@hpvillage.com,hpvillage.com,未分类
hr@hpvillage.com,hpvillage.com,未分类
info@hpvillage.com,hpvillage.com,未分类
hello@hpvillage.com,hpvillage.com,未分类
ads@hpvillage.com,hpvillage.com,未分类
partnerships@hpvillage.com,hpvillage.com,未分类
tips@hpvillage.com,hpvillage.com,未分类
support@hpvillage.com,hpvillage.com,未分类
news@hpvillage.com,hpvillage.com,未分类
subscribers@hpvillage.com,hpvillage.com,未分类
submissions@hpvillage.com,hpvillage.com,未分类
subscriptions@hpvillage.com,hpvillage.com,未分类
office@hpvillage.com,hpvillage.com,未分类
letters@hpvillage.com,hpvillage.com,未分类
webmaster@hpvillage.com,hpvillage.com,未分类
sales@hpvillage.com,hpvillage.com,未分类
team@hpvillage.com,hpvillage.com,未分类
membership@hpvillage.com,hpvillage.com,未分类
contact@hpvillage.com,hpvillage.com,未分类
tech@hpvillage.com,hpvillage.com,未分类
press@hpvillage.com,hpvillage.com,未分类
advertising@hpvillage.com,hpvillage.com,未分类
newsroom@hpvillage.com,hpvillage.com,未分类
corrections@hpvillage.com,hpvillage.com,未分类
marketing@hpvillage.com,hpvillage.com,未分类
media@hpvillage.com,hpvillage.com,未分类
subscribe@hpvillage.com,hpvillage.com,未分类
helpdesk@hpvillage.com,hpvillage.com,未分类
editorial@hpvillage.com,hpvillage.com,未分类
careers@hpvillage.com,hpvillage.com,未分类
careers@www.shop900.com,www.shop900.com,未分类
advertising@www.shop900.com,www.shop900.com,未分类
team@www.shop900.com,www.shop900.com,未分类
subscribe@www.shop900.com,www.shop900.com,未分类
media@www.shop900.com,www.shop900.com,未分类
sales@www.shop900.com,www.shop900.com,未分类
office@www.shop900.com,www.shop900.com,未分类
tips@www.shop900.com,www.shop900.com,未分类
support@www.shop900.com,www.shop900.com,未分类
hr@www.shop900.com,www.shop900.com,未分类
tech@www.shop900.com,www.shop900.com,未分类
ads@www.shop900.com,www.shop900.com,未分类
info@www.shop900.com,www.shop900.com,未分类
subscribers@www.shop900.com,www.shop900.com,未分类
news@www.shop900.com,www.shop900.com,未分类
partnerships@www.shop900.com,www.shop900.com,未分类
marketing@www.shop900.com,www.shop900.com,未分类
feedback@www.shop900.com,www.shop900.com,未分类
contact@www.shop900.com,www.shop900.com,未分类
webmaster@www.shop900.com,www.shop900.com,未分类
press@www.shop900.com,www.shop900.com,未分类
editor@www.shop900.com,www.shop900.com,未分类
corrections@www.shop900.com,www.shop900.com,未分类
submissions@www.shop900.com,www.shop900.com,未分类
helpdesk@www.shop900.com,www.shop900.com,未分类
admin@www.shop900.com,www.shop900.com,未分类
letters@www.shop900.com,www.shop900.com,未分类
membership@www.shop900.com,www.shop900.com,未分类
newsroom@www.shop900.com,www.shop900.com,未分类
editorial@www.shop900.com,www.shop900.com,未分类
help@www.shop900.com,www.shop900.com,未分类
subscriptions@www.shop900.com,www.shop900.com,未分类
hello@www.shop900.com,www.shop900.com,未分类
business@www.shop900.com,www.shop900.com,未分类
helpdesk@bfplny.com,bfplny.com,未分类
info@bfplny.com,bfplny.com,未分类
press@bfplny.com,bfplny.com,未分类
subscriptions@bfplny.com,bfplny.com,未分类
membership@bfplny.com,bfplny.com,未分类
editor@bfplny.com,bfplny.com,未分类
hello@bfplny.com,bfplny.com,未分类
careers@bfplny.com,bfplny.com,未分类
admin@bfplny.com,bfplny.com,未分类
tips@bfplny.com,bfplny.com,未分类
corrections@bfplny.com,bfplny.com,未分类
webmaster@bfplny.com,bfplny.com,未分类
hr@bfplny.com,bfplny.com,未分类
help@bfplny.com,bfplny.com,未分类
marketing@bfplny.com,bfplny.com,未分类
letters@bfplny.com,bfplny.com,未分类
office@bfplny.com,bfplny.com,未分类
newsroom@bfplny.com,bfplny.com,未分类
feedback@bfplny.com,bfplny.com,未分类
ads@bfplny.com,bfplny.com,未分类
subscribe@bfplny.com,bfplny.com,未分类
advertising@bfplny.com,bfplny.com,未分类
tech@bfplny.com,bfplny.com,未分类
editorial@bfplny.com,bfplny.com,未分类
news@bfplny.com,bfplny.com,未分类
contact@bfplny.com,bfplny.com,未分类
business@bfplny.com,bfplny.com,未分类
team@bfplny.com,bfplny.com,未分类
subscribers@bfplny.com,bfplny.com,未分类
partnerships@bfplny.com,bfplny.com,未分类
sales@bfplny.com,bfplny.com,未分类
support@bfplny.com,bfplny.com,未分类
submissions@bfplny.com,bfplny.com,未分类
info@fifthavenue.nyc,fifthavenue.nyc,未分类
advertising@gundersons.com,gundersons.com,未分类
contact@gundersons.com,gundersons.com,未分类
partnerships@gundersons.com,gundersons.com,未分类
business@gundersons.com,gundersons.com,未分类
letters@gundersons.com,gundersons.com,未分类
submissions@gundersons.com,gundersons.com,未分类
feedback@gundersons.com,gundersons.com,未分类
careers@gundersons.com,gundersons.com,未分类
tech@gundersons.com,gundersons.com,未分类
corrections@gundersons.com,gundersons.com,未分类
hr@gundersons.com,gundersons.com,未分类
press@gundersons.com,gundersons.com,未分类
office@gundersons.com,gundersons.com,未分类
help@gundersons.com,gundersons.com,未分类
webmaster@gundersons.com,gundersons.com,未分类
subscribe@gundersons.com,gundersons.com,未分类
sales@gundersons.com,gundersons.com,未分类
news@gundersons.com,gundersons.com,未分类
team@gundersons.com,gundersons.com,未分类
tips@gundersons.com,gundersons.com,未分类
hello@gundersons.com,gundersons.com,未分类
media@gundersons.com,gundersons.com,未分类
subscriptions@gundersons.com,gundersons.com,未分类
ads@gundersons.com,gundersons.com,未分类
editorial@gundersons.com,gundersons.com,未分类
helpdesk@gundersons.com,gundersons.com,未分类
membership@gundersons.com,gundersons.com,未分类
editor@gundersons.com,gundersons.com,未分类
support@gundersons.com,gundersons.com,未分类
info@gundersons.com,gundersons.com,未分类
newsroom@gundersons.com,gundersons.com,未分类
admin@gundersons.com,gundersons.com,未分类
subscribers@gundersons.com,gundersons.com,未分类
marketing@gundersons.com,gundersons.com,未分类
office@jamesfree.com,jamesfree.com,未分类
news@jamesfree.com,jamesfree.com,未分类
sales@jamesfree.com,jamesfree.com,未分类
subscribers@jamesfree.com,jamesfree.com,未分类
subscribe@jamesfree.com,jamesfree.com,未分类
marketing@jamesfree.com,jamesfree.com,未分类
hello@jamesfree.com,jamesfree.com,未分类
partnerships@jamesfree.com,jamesfree.com,未分类
help@jamesfree.com,jamesfree.com,未分类
press@jamesfree.com,jamesfree.com,未分类
tips@jamesfree.com,jamesfree.com,未分类
business@jamesfree.com,jamesfree.com,未分类
helpdesk@jamesfree.com,jamesfree.com,未分类
ads@jamesfree.com,jamesfree.com,未分类
team@jamesfree.com,jamesfree.com,未分类
feedback@jamesfree.com,jamesfree.com,未分类
support@jamesfree.com,jamesfree.com,未分类
advertising@jamesfree.com,jamesfree.com,未分类
corrections@jamesfree.com,jamesfree.com,未分类
careers@jamesfree.com,jamesfree.com,未分类
editor@jamesfree.com,jamesfree.com,未分类
admin@jamesfree.com,jamesfree.com,未分类
subscriptions@jamesfree.com,jamesfree.com,未分类
info@jamesfree.com,jamesfree.com,未分类
hr@jamesfree.com,jamesfree.com,未分类
membership@jamesfree.com,jamesfree.com,未分类
submissions@jamesfree.com,jamesfree.com,未分类
letters@jamesfree.com,jamesfree.com,未分类
media@jamesfree.com,jamesfree.com,未分类
editorial@jamesfree.com,jamesfree.com,未分类
tech@jamesfree.com,jamesfree.com,未分类
webmaster@jamesfree.com,jamesfree.com,未分类
contact@jamesfree.com,jamesfree.com,未分类
newsroom@jamesfree.com,jamesfree.com,未分类
news@www.grunos.com,www.grunos.com,未分类
sales@www.grunos.com,www.grunos.com,未分类
subscribers@www.grunos.com,www.grunos.com,未分类
ads@www.grunos.com,www.grunos.com,未分类
subscriptions@www.grunos.com,www.grunos.com,未分类
helpdesk@www.grunos.com,www.grunos.com,未分类
subscribe@www.grunos.com,www.grunos.com,未分类
business@www.grunos.com,www.grunos.com,未分类
tips@www.grunos.com,www.grunos.com,未分类
marketing@www.grunos.com,www.grunos.com,未分类
help@www.grunos.com,www.grunos.com,未分类
newsroom@www.grunos.com,www.grunos.com,未分类
partnerships@www.grunos.com,www.grunos.com,未分类
membership@www.grunos.com,www.grunos.com,未分类
corrections@www.grunos.com,www.grunos.com,未分类
letters@www.grunos.com,www.grunos.com,未分类
info@www.grunos.com,www.grunos.com,未分类
press@www.grunos.com,www.grunos.com,未分类
hr@www.grunos.com,www.grunos.com,未分类
media@www.grunos.com,www.grunos.com,未分类
webmaster@www.grunos.com,www.grunos.com,未分类
editorial@www.grunos.com,www.grunos.com,未分类
contact@www.grunos.com,www.grunos.com,未分类
hello@www.grunos.com,www.grunos.com,未分类
editor@www.grunos.com,www.grunos.com,未分类
advertising@www.grunos.com,www.grunos.com,未分类
tech@www.grunos.com,www.grunos.com,未分类
admin@www.grunos.com,www.grunos.com,未分类
team@www.grunos.com,www.grunos.com,未分类
support@www.grunos.com,www.grunos.com,未分类
submissions@www.grunos.com,www.grunos.com,未分类
office@www.grunos.com,www.grunos.com,未分类
careers@www.grunos.com,www.grunos.com,未分类
info@alsonjewelers.com,alsonjewelers.com,未分类
jason@alsonjewelers.com,alsonjewelers.com,未分类
jesse@alsonjewelers.com,alsonjewelers.com,未分类
matthew@alsonjewelers.com,alsonjewelers.com,未分类
david@alsonjewelers.com,alsonjewelers.com,未分类
chad@alsonjewelers.com,alsonjewelers.com,未分类
careers@alsonjewelers.com,alsonjewelers.com,未分类
kyle@alsonjewelers.com,alsonjewelers.com,未分类
subscribe@www.drenonjewelry.com,www.drenonjewelry.com,未分类
marketing@www.drenonjewelry.com,www.drenonjewelry.com,未分类
office@www.drenonjewelry.com,www.drenonjewelry.com,未分类
feedback@www.drenonjewelry.com,www.drenonjewelry.com,未分类
tech@www.drenonjewelry.com,www.drenonjewelry.com,未分类
media@www.drenonjewelry.com,www.drenonjewelry.com,未分类
careers@www.drenonjewelry.com,www.drenonjewelry.com,未分类
editorial@www.drenonjewelry.com,www.drenonjewelry.com,未分类
news@www.drenonjewelry.com,www.drenonjewelry.com,未分类
partnerships@www.drenonjewelry.com,www.drenonjewelry.com,未分类
subscribers@www.drenonjewelry.com,www.drenonjewelry.com,未分类
press@www.drenonjewelry.com,www.drenonjewelry.com,未分类
editor@www.drenonjewelry.com,www.drenonjewelry.com,未分类
hello@www.drenonjewelry.com,www.drenonjewelry.com,未分类
support@www.drenonjewelry.com,www.drenonjewelry.com,未分类
help@www.drenonjewelry.com,www.drenonjewelry.com,未分类
webmaster@www.drenonjewelry.com,www.drenonjewelry.com,未分类
subscriptions@www.drenonjewelry.com,www.drenonjewelry.com,未分类
helpdesk@www.drenonjewelry.com,www.drenonjewelry.com,未分类
admin@www.drenonjewelry.com,www.drenonjewelry.com,未分类
submissions@www.drenonjewelry.com,www.drenonjewelry.com,未分类
sales@www.drenonjewelry.com,www.drenonjewelry.com,未分类
team@www.drenonjewelry.com,www.drenonjewelry.com,未分类
advertising@www.drenonjewelry.com,www.drenonjewelry.com,未分类
membership@www.drenonjewelry.com,www.drenonjewelry.com,未分类
contact@www.drenonjewelry.com,www.drenonjewelry.com,未分类
info@www.drenonjewelry.com,www.drenonjewelry.com,未分类
letters@www.drenonjewelry.com,www.drenonjewelry.com,未分类
newsroom@www.drenonjewelry.com,www.drenonjewelry.com,未分类
tips@www.drenonjewelry.com,www.drenonjewelry.com,未分类
business@www.drenonjewelry.com,www.drenonjewelry.com,未分类
hr@www.drenonjewelry.com,www.drenonjewelry.com,未分类
corrections@www.drenonjewelry.com,www.drenonjewelry.com,未分类
ads@www.drenonjewelry.com,www.drenonjewelry.com,未分类
contact@galleriadallas.com,galleriadallas.com,未分类
admin@galleriadallas.com,galleriadallas.com,未分类
news@galleriadallas.com,galleriadallas.com,未分类
press@galleriadallas.com,galleriadallas.com,未分类
support@galleriadallas.com,galleriadallas.com,未分类
hr@galleriadallas.com,galleriadallas.com,未分类
tech@galleriadallas.com,galleriadallas.com,未分类
marketing@galleriadallas.com,galleriadallas.com,未分类
office@galleriadallas.com,galleriadallas.com,未分类
helpdesk@galleriadallas.com,galleriadallas.com,未分类
ads@galleriadallas.com,galleriadallas.com,未分类
sales@galleriadallas.com,galleriadallas.com,未分类
subscribers@galleriadallas.com,galleriadallas.com,未分类
newsroom@galleriadallas.com,galleriadallas.com,未分类
tips@galleriadallas.com,galleriadallas.com,未分类
corrections@galleriadallas.com,galleriadallas.com,未分类
partnerships@galleriadallas.com,galleriadallas.com,未分类
submissions@galleriadallas.com,galleriadallas.com,未分类
subscribe@galleriadallas.com,galleriadallas.com,未分类
membership@galleriadallas.com,galleriadallas.com,未分类
hello@galleriadallas.com,galleriadallas.com,未分类
letters@galleriadallas.com,galleriadallas.com,未分类
help@galleriadallas.com,galleriadallas.com,未分类
editorial@galleriadallas.com,galleriadallas.com,未分类
feedback@galleriadallas.com,galleriadallas.com,未分类
subscriptions@galleriadallas.com,galleriadallas.com,未分类
media@galleriadallas.com,galleriadallas.com,未分类
business@galleriadallas.com,galleriadallas.com,未分类
editor@galleriadallas.com,galleriadallas.com,未分类
info@galleriadallas.com,galleriadallas.com,未分类
advertising@galleriadallas.com,galleriadallas.com,未分类
team@galleriadallas.com,galleriadallas.com,未分类
careers@galleriadallas.com,galleriadallas.com,未分类
webmaster@galleriadallas.com,galleriadallas.com,未分类
admin@www.canalplacestyle.com,www.canalplacestyle.com,未分类
help@www.canalplacestyle.com,www.canalplacestyle.com,未分类
sales@www.canalplacestyle.com,www.canalplacestyle.com,未分类
newsroom@www.canalplacestyle.com,www.canalplacestyle.com,未分类
hr@www.canalplacestyle.com,www.canalplacestyle.com,未分类
hello@www.canalplacestyle.com,www.canalplacestyle.com,未分类
tips@www.canalplacestyle.com,www.canalplacestyle.com,未分类
webmaster@www.canalplacestyle.com,www.canalplacestyle.com,未分类
news@www.canalplacestyle.com,www.canalplacestyle.com,未分类
advertising@www.canalplacestyle.com,www.canalplacestyle.com,未分类
business@www.canalplacestyle.com,www.canalplacestyle.com,未分类
letters@www.canalplacestyle.com,www.canalplacestyle.com,未分类
marketing@www.canalplacestyle.com,www.canalplacestyle.com,未分类
team@www.canalplacestyle.com,www.canalplacestyle.com,未分类
media@www.canalplacestyle.com,www.canalplacestyle.com,未分类
info@www.canalplacestyle.com,www.canalplacestyle.com,未分类
feedback@www.canalplacestyle.com,www.canalplacestyle.com,未分类
ads@www.canalplacestyle.com,www.canalplacestyle.com,未分类
helpdesk@www.canalplacestyle.com,www.canalplacestyle.com,未分类
subscriptions@www.canalplacestyle.com,www.canalplacestyle.com,未分类
office@www.canalplacestyle.com,www.canalplacestyle.com,未分类
subscribers@www.canalplacestyle.com,www.canalplacestyle.com,未分类
careers@www.canalplacestyle.com,www.canalplacestyle.com,未分类
partnerships@www.canalplacestyle.com,www.canalplacestyle.com,未分类
support@www.canalplacestyle.com,www.canalplacestyle.com,未分类
membership@www.canalplacestyle.com,www.canalplacestyle.com,未分类
subscribe@www.canalplacestyle.com,www.canalplacestyle.com,未分类
editorial@www.canalplacestyle.com,www.canalplacestyle.com,未分类
tech@www.canalplacestyle.com,www.canalplacestyle.com,未分类
submissions@www.canalplacestyle.com,www.canalplacestyle.com,未分类
corrections@www.canalplacestyle.com,www.canalplacestyle.com,未分类
editor@www.canalplacestyle.com,www.canalplacestyle.com,未分类
press@www.canalplacestyle.com,www.canalplacestyle.com,未分类
contact@www.canalplacestyle.com,www.canalplacestyle.com,未分类
advertising@gyre-omotesando.com,gyre-omotesando.com,未分类
info@gyre-omotesando.com,gyre-omotesando.com,未分类
hr@gyre-omotesando.com,gyre-omotesando.com,未分类
press@gyre-omotesando.com,gyre-omotesando.com,未分类
corrections@gyre-omotesando.com,gyre-omotesando.com,未分类
subscribers@gyre-omotesando.com,gyre-omotesando.com,未分类
feedback@gyre-omotesando.com,gyre-omotesando.com,未分类
hello@gyre-omotesando.com,gyre-omotesando.com,未分类
help@gyre-omotesando.com,gyre-omotesando.com,未分类
careers@gyre-omotesando.com,gyre-omotesando.com,未分类
contact@gyre-omotesando.com,gyre-omotesando.com,未分类
partnerships@gyre-omotesando.com,gyre-omotesando.com,未分类
letters@gyre-omotesando.com,gyre-omotesando.com,未分类
tips@gyre-omotesando.com,gyre-omotesando.com,未分类
sales@gyre-omotesando.com,gyre-omotesando.com,未分类
subscribe@gyre-omotesando.com,gyre-omotesando.com,未分类
membership@gyre-omotesando.com,gyre-omotesando.com,未分类
media@gyre-omotesando.com,gyre-omotesando.com,未分类
team@gyre-omotesando.com,gyre-omotesando.com,未分类
subscriptions@gyre-omotesando.com,gyre-omotesando.com,未分类
helpdesk@gyre-omotesando.com,gyre-omotesando.com,未分类
support@gyre-omotesando.com,gyre-omotesando.com,未分类
office@gyre-omotesando.com,gyre-omotesando.com,未分类
marketing@gyre-omotesando.com,gyre-omotesando.com,未分类
news@gyre-omotesando.com,gyre-omotesando.com,未分类
newsroom@gyre-omotesando.com,gyre-omotesando.com,未分类
editor@gyre-omotesando.com,gyre-omotesando.com,未分类
webmaster@gyre-omotesando.com,gyre-omotesando.com,未分类
tech@gyre-omotesando.com,gyre-omotesando.com,未分类
submissions@gyre-omotesando.com,gyre-omotesando.com,未分类
admin@gyre-omotesando.com,gyre-omotesando.com,未分类
editorial@gyre-omotesando.com,gyre-omotesando.com,未分类
ads@gyre-omotesando.com,gyre-omotesando.com,未分类
business@gyre-omotesando.com,gyre-omotesando.com,未分类
info@galeriacanalejas.com,galeriacanalejas.com,未分类
customerservice@galeriacanalejas.com,galeriacanalejas.com,未分类
editorial@www.promenaden.no,www.promenaden.no,未分类
membership@www.promenaden.no,www.promenaden.no,未分类
subscriptions@www.promenaden.no,www.promenaden.no,未分类
office@www.promenaden.no,www.promenaden.no,未分类
tips@www.promenaden.no,www.promenaden.no,未分类
press@www.promenaden.no,www.promenaden.no,未分类
help@www.promenaden.no,www.promenaden.no,未分类
newsroom@www.promenaden.no,www.promenaden.no,未分类
ads@www.promenaden.no,www.promenaden.no,未分类
news@www.promenaden.no,www.promenaden.no,未分类
letters@www.promenaden.no,www.promenaden.no,未分类
editor@www.promenaden.no,www.promenaden.no,未分类
subscribers@www.promenaden.no,www.promenaden.no,未分类
tech@www.promenaden.no,www.promenaden.no,未分类
advertising@www.promenaden.no,www.promenaden.no,未分类
subscribe@www.promenaden.no,www.promenaden.no,未分类
team@www.promenaden.no,www.promenaden.no,未分类
sales@www.promenaden.no,www.promenaden.no,未分类
submissions@www.promenaden.no,www.promenaden.no,未分类
media@www.promenaden.no,www.promenaden.no,未分类
corrections@www.promenaden.no,www.promenaden.no,未分类
feedback@www.promenaden.no,www.promenaden.no,未分类
partnerships@www.promenaden.no,www.promenaden.no,未分类
careers@www.promenaden.no,www.promenaden.no,未分类
helpdesk@www.promenaden.no,www.promenaden.no,未分类
admin@www.promenaden.no,www.promenaden.no,未分类
webmaster@www.promenaden.no,www.promenaden.no,未分类
info@www.promenaden.no,www.promenaden.no,未分类
business@www.promenaden.no,www.promenaden.no,未分类
hr@www.promenaden.no,www.promenaden.no,未分类
support@www.promenaden.no,www.promenaden.no,未分类
contact@www.promenaden.no,www.promenaden.no,未分类
marketing@www.promenaden.no,www.promenaden.no,未分类
hello@www.promenaden.no,www.promenaden.no,未分类
subscriptions@www.goldenhall.gr,www.goldenhall.gr,未分类
help@www.goldenhall.gr,www.goldenhall.gr,未分类
hr@www.goldenhall.gr,www.goldenhall.gr,未分类
admin@www.goldenhall.gr,www.goldenhall.gr,未分类
careers@www.goldenhall.gr,www.goldenhall.gr,未分类
office@www.goldenhall.gr,www.goldenhall.gr,未分类
submissions@www.goldenhall.gr,www.goldenhall.gr,未分类
feedback@www.goldenhall.gr,www.goldenhall.gr,未分类
ads@www.goldenhall.gr,www.goldenhall.gr,未分类
media@www.goldenhall.gr,www.goldenhall.gr,未分类
newsroom@www.goldenhall.gr,www.goldenhall.gr,未分类
tech@www.goldenhall.gr,www.goldenhall.gr,未分类
helpdesk@www.goldenhall.gr,www.goldenhall.gr,未分类
corrections@www.goldenhall.gr,www.goldenhall.gr,未分类
webmaster@www.goldenhall.gr,www.goldenhall.gr,未分类
subscribers@www.goldenhall.gr,www.goldenhall.gr,未分类
editor@www.goldenhall.gr,www.goldenhall.gr,未分类
membership@www.goldenhall.gr,www.goldenhall.gr,未分类
business@www.goldenhall.gr,www.goldenhall.gr,未分类
team@www.goldenhall.gr,www.goldenhall.gr,未分类
partnerships@www.goldenhall.gr,www.goldenhall.gr,未分类
info@www.goldenhall.gr,www.goldenhall.gr,未分类
tips@www.goldenhall.gr,www.goldenhall.gr,未分类
letters@www.goldenhall.gr,www.goldenhall.gr,未分类
news@www.goldenhall.gr,www.goldenhall.gr,未分类
advertising@www.goldenhall.gr,www.goldenhall.gr,未分类
editorial@www.goldenhall.gr,www.goldenhall.gr,未分类
sales@www.goldenhall.gr,www.goldenhall.gr,未分类
contact@www.goldenhall.gr,www.goldenhall.gr,未分类
support@www.goldenhall.gr,www.goldenhall.gr,未分类
hello@www.goldenhall.gr,www.goldenhall.gr,未分类
press@www.goldenhall.gr,www.goldenhall.gr,未分类
marketing@www.goldenhall.gr,www.goldenhall.gr,未分类
subscribe@www.goldenhall.gr,www.goldenhall.gr,未分类
newsroom@www.centroandino.com.co,www.centroandino.com.co,未分类
webmaster@www.centroandino.com.co,www.centroandino.com.co,未分类
tech@www.centroandino.com.co,www.centroandino.com.co,未分类
subscribers@www.centroandino.com.co,www.centroandino.com.co,未分类
editor@www.centroandino.com.co,www.centroandino.com.co,未分类
press@www.centroandino.com.co,www.centroandino.com.co,未分类
admin@www.centroandino.com.co,www.centroandino.com.co,未分类
help@www.centroandino.com.co,www.centroandino.com.co,未分类
subscriptions@www.centroandino.com.co,www.centroandino.com.co,未分类
media@www.centroandino.com.co,www.centroandino.com.co,未分类
corrections@www.centroandino.com.co,www.centroandino.com.co,未分类
support@www.centroandino.com.co,www.centroandino.com.co,未分类
tips@www.centroandino.com.co,www.centroandino.com.co,未分类
letters@www.centroandino.com.co,www.centroandino.com.co,未分类
membership@www.centroandino.com.co,www.centroandino.com.co,未分类
helpdesk@www.centroandino.com.co,www.centroandino.com.co,未分类
sales@www.centroandino.com.co,www.centroandino.com.co,未分类
submissions@www.centroandino.com.co,www.centroandino.com.co,未分类
feedback@www.centroandino.com.co,www.centroandino.com.co,未分类
hello@www.centroandino.com.co,www.centroandino.com.co,未分类
business@www.centroandino.com.co,www.centroandino.com.co,未分类
advertising@www.centroandino.com.co,www.centroandino.com.co,未分类
careers@www.centroandino.com.co,www.centroandino.com.co,未分类
subscribe@www.centroandino.com.co,www.centroandino.com.co,未分类
team@www.centroandino.com.co,www.centroandino.com.co,未分类
marketing@www.centroandino.com.co,www.centroandino.com.co,未分类
info@www.centroandino.com.co,www.centroandino.com.co,未分类
editorial@www.centroandino.com.co,www.centroandino.com.co,未分类
contact@www.centroandino.com.co,www.centroandino.com.co,未分类
ads@www.centroandino.com.co,www.centroandino.com.co,未分类
partnerships@www.centroandino.com.co,www.centroandino.com.co,未分类
office@www.centroandino.com.co,www.centroandino.com.co,未分类
hr@www.centroandino.com.co,www.centroandino.com.co,未分类
news@www.centroandino.com.co,www.centroandino.com.co,未分类
co.secretary@centralpattana.co.th,www.centralpattana.co.th,未分类
u003eir@centralpattana.co.th,www.centralpattana.co.th,未分类
call_center@centralpattana.co.th,www.centralpattana.co.th,未分类
cpn.e-tax@centralpattana.co.th,www.centralpattana.co.th,未分类
u003ecall_center@centralpattana.co.th,www.centralpattana.co.th,未分类
u003eco.secretary@cpn.co.th,www.centralpattana.co.th,未分类
ir@centralpattana.co.th,www.centralpattana.co.th,未分类
co.secretary@cpn.co.th,www.centralpattana.co.th,未分类
u003eco.secretary@centralpattana.co.th,www.centralpattana.co.th,未分类
u003ecpn.e-tax@centralpattana.co.th,www.centralpattana.co.th,未分类
advertising@madisonavenuecouture.com,madisonavenuecouture.com,未分类
subscribers@madisonavenuecouture.com,madisonavenuecouture.com,未分类
subscribe@madisonavenuecouture.com,madisonavenuecouture.com,未分类
support@madisonavenuecouture.com,madisonavenuecouture.com,未分类
webmaster@madisonavenuecouture.com,madisonavenuecouture.com,未分类
news@madisonavenuecouture.com,madisonavenuecouture.com,未分类
help@madisonavenuecouture.com,madisonavenuecouture.com,未分类
contact@madisonavenuecouture.com,madisonavenuecouture.com,未分类
partnerships@madisonavenuecouture.com,madisonavenuecouture.com,未分类
team@madisonavenuecouture.com,madisonavenuecouture.com,未分类
marketing@madisonavenuecouture.com,madisonavenuecouture.com,未分类
newsroom@madisonavenuecouture.com,madisonavenuecouture.com,未分类
press@madisonavenuecouture.com,madisonavenuecouture.com,未分类
sales@madisonavenuecouture.com,madisonavenuecouture.com,未分类
submissions@madisonavenuecouture.com,madisonavenuecouture.com,未分类
info@madisonavenuecouture.com,madisonavenuecouture.com,未分类
admin@madisonavenuecouture.com,madisonavenuecouture.com,未分类
business@madisonavenuecouture.com,madisonavenuecouture.com,未分类
editorial@madisonavenuecouture.com,madisonavenuecouture.com,未分类
hello@madisonavenuecouture.com,madisonavenuecouture.com,未分类
editor@madisonavenuecouture.com,madisonavenuecouture.com,未分类
letters@madisonavenuecouture.com,madisonavenuecouture.com,未分类
membership@madisonavenuecouture.com,madisonavenuecouture.com,未分类
helpdesk@madisonavenuecouture.com,madisonavenuecouture.com,未分类
tips@madisonavenuecouture.com,madisonavenuecouture.com,未分类
hr@madisonavenuecouture.com,madisonavenuecouture.com,未分类
tech@madisonavenuecouture.com,madisonavenuecouture.com,未分类
office@madisonavenuecouture.com,madisonavenuecouture.com,未分类
ads@madisonavenuecouture.com,madisonavenuecouture.com,未分类
media@madisonavenuecouture.com,madisonavenuecouture.com,未分类
careers@madisonavenuecouture.com,madisonavenuecouture.com,未分类
subscriptions@madisonavenuecouture.com,madisonavenuecouture.com,未分类
feedback@madisonavenuecouture.com,madisonavenuecouture.com,未分类
corrections@madisonavenuecouture.com,madisonavenuecouture.com,未分类
ads@www.newburystboston.com,www.newburystboston.com,未分类
webmaster@www.newburystboston.com,www.newburystboston.com,未分类
careers@www.newburystboston.com,www.newburystboston.com,未分类
media@www.newburystboston.com,www.newburystboston.com,未分类
editor@www.newburystboston.com,www.newburystboston.com,未分类
support@www.newburystboston.com,www.newburystboston.com,未分类
sales@www.newburystboston.com,www.newburystboston.com,未分类
office@www.newburystboston.com,www.newburystboston.com,未分类
news@www.newburystboston.com,www.newburystboston.com,未分类
hello@www.newburystboston.com,www.newburystboston.com,未分类
team@www.newburystboston.com,www.newburystboston.com,未分类
help@www.newburystboston.com,www.newburystboston.com,未分类
tips@www.newburystboston.com,www.newburystboston.com,未分类
feedback@www.newburystboston.com,www.newburystboston.com,未分类
contact@www.newburystboston.com,www.newburystboston.com,未分类
hr@www.newburystboston.com,www.newburystboston.com,未分类
business@www.newburystboston.com,www.newburystboston.com,未分类
advertising@www.newburystboston.com,www.newburystboston.com,未分类
admin@www.newburystboston.com,www.newburystboston.com,未分类
subscriptions@www.newburystboston.com,www.newburystboston.com,未分类
press@www.newburystboston.com,www.newburystboston.com,未分类
submissions@www.newburystboston.com,www.newburystboston.com,未分类
marketing@www.newburystboston.com,www.newburystboston.com,未分类
partnerships@www.newburystboston.com,www.newburystboston.com,未分类
corrections@www.newburystboston.com,www.newburystboston.com,未分类
info@www.newburystboston.com,www.newburystboston.com,未分类
membership@www.newburystboston.com,www.newburystboston.com,未分类
tech@www.newburystboston.com,www.newburystboston.com,未分类
letters@www.newburystboston.com,www.newburystboston.com,未分类
subscribers@www.newburystboston.com,www.newburystboston.com,未分类
helpdesk@www.newburystboston.com,www.newburystboston.com,未分类
editorial@www.newburystboston.com,www.newburystboston.com,未分类
newsroom@www.newburystboston.com,www.newburystboston.com,未分类
subscribe@www.newburystboston.com,www.newburystboston.com,未分类
n@y.et,www.cbre.com,未分类
